VESSEL_ID,Trip_ID,OBSET_ID,Total_Hooks_Set,Hooks_Observed,BSL,Birds_Obs_Caught,Season,Hooks_Recovered,Year,Regulation
Joao N Castro,FAO1,Onesmus I Iipinge_1_1,25200,,Yes,0,Summer,25150,2018,AFTER
Joao N Castro,FAO1,Onesmus I Iipinge_1_1,22500,,Yes,0,Summer,22300,2018,AFTER
Joao N Castro,FAO1,Onesmus I Iipinge_1_1,23940,,Yes,0,Summer,23740,2018,AFTER
Joao N Castro,FAO1,Onesmus I Iipinge_1_1,24300,,Yes,0,Summer,24100,2018,AFTER
Joao N Castro,FAO1,Onesmus I Iipinge_1_1,23400,,Yes,0,Summer,23150,2018,AFTER
Joao N Castro,FAO1,Onesmus I Iipinge_1_1,24750,,Yes,0,Summer,24500,2018,AFTER
Joao N Castro,FAO1,Onesmus I Iipinge_1_1,13500,,Yes,0,Summer,13380,2018,AFTER
Boston Wayfarer,FAO2,Kennedy Antonio_2_1,17640,,Yes,0,Summer,14540,2018,AFTER
Boston Wayfarer,FAO2,Kennedy Antonio_2_1,17640,,Yes,0,Summer,14540,2018,AFTER
Boston Wayfarer,FAO2,Kennedy Antonio_2_1,17640,,Yes,0,Summer,14540,2018,AFTER
Boston Wayfarer,FAO2,Kennedy Antonio_2_1,17640,,Yes,0,Summer,14540,2018,AFTER
Boston Wayfarer,FAO2,Kennedy Antonio_2_1,17640,,Yes,0,Summer,14540,2018,AFTER
Boston Wayfarer,FAO2,Kennedy Antonio_2_1,10080,,Yes,0,Summer,7080,2018,AFTER
Carolina Castro,FAO3,Tomas Niinkoti_3_1,16200,,Yes,0,Summer,16100,2018,AFTER
Carolina Castro,FAO3,Tomas Niinkoti_3_1,16200,,Yes,0,Summer,16100,2018,AFTER
Carolina Castro,FAO3,Tomas Niinkoti_3_1,16200,,Yes,0,Summer,16100,2018,AFTER
Carolina Castro,FAO3,Tomas Niinkoti_3_1,16200,,Yes,0,Summer,15600,2018,AFTER
Carolina Castro,FAO3,Tomas Niinkoti_3_1,15700,,Yes,0,Summer,11100,2018,AFTER
Boston Wayfarer,FAO4,Onesmus I Iipinge_4_1,17640,,Yes,0,Summer,14240,2018,AFTER
Boston Wayfarer,FAO4,Onesmus I Iipinge_4_1,17640,,Yes,0,Summer,14140,2018,AFTER
Boston Wayfarer,FAO4,Onesmus I Iipinge_4_1,17640,,Yes,0,Summer,13640,2018,AFTER
Boston Wayfarer,FAO4,Onesmus I Iipinge_4_1,17640,,Yes,0,Summer,13840,2018,AFTER
Boston Wayfarer,FAO4,Onesmus I Iipinge_4_1,17640,,Yes,0,Summer,14240,2018,AFTER
Boston Wayfarer,FAO4,Onesmus I Iipinge_4_1,7560,,Yes,0,Summer,4760,2018,AFTER
Blomeha,FAO5,Hofni Iipinge_5_1,15300,,Yes,0,Summer,15191,2018,AFTER
Blomeha,FAO5,Hofni Iipinge_5_1,15300,,Yes,0,Summer,15198,2018,AFTER
Blomeha,FAO5,Hofni Iipinge_5_1,16380,,Yes,0,Summer,16150,2018,AFTER
Blomeha,FAO5,Hofni Iipinge_5_1,9000,,Yes,0,Summer,8858,2018,AFTER
Boston Wayfarer,FAO6,Andreas Amukwaya_6_1,13860,,Yes,0,Summer,10860,2018,AFTER
Boston Wayfarer,FAO6,Andreas Amukwaya_6_1,15840,,Yes,0,Summer,12340,2018,AFTER
Carolina Castro,FAO7,Andowa J . B_7_1,18000,,Yes,0,Winter,17500,2018,AFTER
Carolina Castro,FAO7,Andowa J . B_7_1,18000,,Yes,0,Winter,17500,2018,AFTER
Carolina Castro,FAO7,Andowa J . B_7_1,18000,,Yes,0,Winter,17500,2018,AFTER
Carolina Castro,FAO7,Andowa J . B_7_1,9000,,Yes,0,Winter,8500,2018,AFTER
Carolina Castro,FAO7,Andowa J . B_7_1,10800,,Yes,0,Winter,10600,2018,AFTER
Carolina Castro,FAO7,Andowa J . B_7_1,14400,,Yes,0,Winter,14300,2018,AFTER
Carolina Castro,FAO8,J.  Shinyemba_8_1,16200,,Yes,0,Winter,16100,2018,AFTER
Carolina Castro,FAO8,J.  Shinyemba_8_1,16200,,Yes,0,Winter,16100,2018,AFTER
Carolina Castro,FAO8,J.  Shinyemba_8_1,18000,,Yes,0,Winter,17900,2018,AFTER
Carolina Castro,FAO8,J.  Shinyemba_8_1,18000,,Yes,0,Winter,17900,2018,AFTER
Carolina Castro,FAO8,J.  Shinyemba_8_1,18000,,Yes,0,Winter,17900,2018,AFTER
Carolina Castro,FAO8,J.  Shinyemba_8_1,16200,,Yes,0,Winter,16100,2018,AFTER
Liper,FAO9,E.M Milinga_9_1,10406,,Yes,0,Winter,8138,2018,AFTER
Liper,FAO9,E.M Milinga_9_1,10406,,Yes,0,Winter,8792,2018,AFTER
Liper,FAO9,E.M Milinga_9_1,10406,,Yes,0,Winter,8938,2018,AFTER
Liper,FAO9,E.M Milinga_9_1,10406,,Yes,0,Winter,9210,2018,AFTER
Blomeha,FAO10,Mowa George_10_1,16280,,Yes,0,Winter,14700,2018,AFTER
Blomeha,FAO10,Mowa George_10_1,14400,,Yes,0,Winter,14000,2018,AFTER
Blomeha,FAO10,Mowa George_10_1,16470,,Yes,0,Winter,16235,2018,AFTER
Blomeha,FAO10,Mowa George_10_1,14760,,Yes,0,Winter,14520,2018,AFTER
Blomeha,FAO10,Antsino Jonas_10_1,16381,,Yes,3,Winter,16195,2018,AFTER
Blomeha,FAO10,Antsino Jonas_10_1,16370,,Yes,2,Winter,16150,2018,AFTER
Boston Wayfarer,FAO11,Nekomba Sakaria_11_1,17655,,Yes,0,Summer,1415,2018,AFTER
Boston Wayfarer,FAO11,Nekomba Sakaria_11_1,16644,,Yes,0,Summer,12522,2018,AFTER
Boston Wayfarer,FAO11,Nekomba Sakaria_11_1,1890,,Yes,0,Summer,1355,2018,AFTER
Boston Wayfarer,FAO11,Nekomba Sakaria_11_1,8960,,Yes,0,Summer,5786,2018,AFTER
Blomeha,FAO12,Benjamin Hoeseb_12_1,15300,,Yes,0,Summer,6000,2018,AFTER
Blomeha,FAO12,Benjamin Hoeseb_12_1,15300,,Yes,0,Summer,4900,2018,AFTER
Blomeha,FAO12,Benjamin Hoeseb_12_1,15300,,Yes,0,Summer,2200,2018,AFTER
Blomeha,FAO12,Benjamin Hoeseb_12_1,15300,,Yes,0,Summer,10000,2018,AFTER
Blomeha,FAO12,Benjamin Hoeseb_12_1,9630,,Yes,0,Summer,6000,2018,AFTER
Boston Wayfarer,FAO13,Mowa George_13_1,17640,,Yes,0,Summer,17400,2018,AFTER
Boston Wayfarer,FAO13,Mowa George_13_1,17640,,Yes,0,Summer,17500,2018,AFTER
Boston Wayfarer,FAO13,Mowa George_13_1,17640,,Yes,0,Summer,17450,2018,AFTER
Boston Wayfarer,FAO13,Mowa George_13_1,15120,,Yes,0,Summer,14000,2018,AFTER
Joao N Castro,FAO14,Tiofelus Hinamunhu_14_1,23400,,Yes,3,Summer,23300,2018,AFTER
Joao N Castro,FAO14,Tiofelus Hinamunhu_14_1,25200,,Yes,1,Summer,25000,2018,AFTER
Joao N Castro,FAO14,Tiofelus Hinamunhu_14_1,25200,,Yes,0,Summer,25100,2018,AFTER
Joao N Castro,FAO14,Tiofelus Hinamunhu_14_1,23850,,Yes,0,Summer,23760,2018,AFTER
Joao N Castro,FAO14,Tiofelus Hinamunhu_14_1,23220,,Yes,0,Summer,23070,2018,AFTER
Joao N Castro,FAO14,Tiofelus Hinamunhu_14_1,22500,,Yes,0,Summer,22390,2018,AFTER
Joao N Castro,FAO14,Tiofelus Hinamunhu_14_1,25200,,Yes,0,Summer,25060,2018,AFTER
Joao N Castro,FAO14,Tiofelus Hinamunhu_14_1,9000,,Yes,0,Summer,8900,2018,AFTER
Carolina Castro,FAO15,David A_15_1,16200,,Yes,0,Summer,16100,2018,AFTER
Carolina Castro,FAO15,David A_15_1,16200,,Yes,0,Summer,16100,2018,AFTER
Carolina Castro,FAO15,David A_15_1,16200,,Yes,2,Summer,16100,2018,AFTER
Carolina Castro,FAO15,David A_15_1,16200,,Yes,1,Summer,16100,2018,AFTER
Carolina Castro,FAO15,David A_15_1,16200,,Yes,1,Summer,16100,2018,AFTER
Carolina Castro,FAO15,David A_15_1,16300,,Yes,0,Summer,16200,2018,AFTER
Carolina Castro,FAO16,Tiofelus Hinamunhu_16_1,15300,,Yes,0,Summer,15100,2018,AFTER
Carolina Castro,FAO16,Tiofelus Hinamunhu_16_1,16200,,Yes,0,Summer,16100,2018,AFTER
Carolina Castro,FAO16,Tiofelus Hinamunhu_16_1,16200,,Yes,0,Summer,16100,2018,AFTER
Carolina Castro,FAO16,Tiofelus Hinamunhu_16_1,14400,,Yes,0,Summer,14200,2018,AFTER
Joao N Castro,FAO17,Nicky Kwedhi_17_1,22500,,Yes,0,Summer,22400,2018,AFTER
Joao N Castro,FAO17,Nicky Kwedhi_17_1,23400,,Yes,0,Summer,23250,2018,AFTER
Joao N Castro,FAO17,Nicky Kwedhi_17_1,23460,,Yes,0,Summer,23230,2018,AFTER
Joao N Castro,FAO17,Nicky Kwedhi_17_1,23400,,Yes,0,Summer,23200,2018,AFTER
Joao N Castro,FAO17,Nicky Kwedhi_17_1,23400,,Yes,0,Summer,23200,2018,AFTER
Joao N Castro,FAO17,Nicky Kwedhi_17_1,22500,,Yes,0,Summer,2240,2018,AFTER
Joao N Castro,FAO17,Nicky Kwedhi_17_1,18000,,Yes,0,Summer,17910,2018,AFTER
Joao N Castro,FAO17,Nicky Kwedhi_17_1,9000,,Yes,0,Summer,8960,2018,AFTER
Blomeha,FAO18,V.S  Aupindi_18_1,15300,,Yes,0,Summer,15190,2018,AFTER
Blomeha,FAO18,V.S  Aupindi_18_1,15302,,Yes,0,Summer,15105,2018,AFTER
Blomeha,FAO18,V.S  Aupindi_18_1,15302,,Yes,0,Summer,15115,2018,AFTER
Blomeha,FAO18,V.S  Aupindi_18_1,15309,,Yes,0,Summer,15155,2018,AFTER
Blomeha,FAO18,V.S  Aupindi_18_1,9900,,Yes,0,Summer,9705,2018,AFTER
Blomeha,FAO18,I Kandjengo_18_1,15370,,Yes,0,Summer,15350,2018,AFTER
Blomeha,FAO18,I Kandjengo_18_1,15300,,Yes,0,Summer,15205,2018,AFTER
Blomeha,FAO18,I Kandjengo_18_1,15300,,Yes,0,Summer,15102,2018,AFTER
Blomeha,FAO18,I Kandjengo_18_1,15300,,Yes,0,Summer,15050,2018,AFTER
Blomeha,FAO18,I Kandjengo_18_1,6300,,Yes,0,Summer,6100,2018,AFTER
Carolina Castro,FAO19,David A_19_1,16200,,Yes,0,Summer,16000,2018,AFTER
Carolina Castro,FAO19,David A_19_1,16200,,Yes,0,Summer,16000,2018,AFTER
Carolina Castro,FAO19,David A_19_1,16200,,Yes,0,Summer,16000,2018,AFTER
Carolina Castro,FAO19,David A_19_1,16200,,Yes,0,Summer,16000,2018,AFTER
Carolina Castro,FAO19,David A_19_1,16200,,Yes,0,Summer,16000,2018,AFTER
Carolina Castro,FAO19,David A_19_1,5400,,Yes,0,Summer,5300,2018,AFTER
Carolina Castro,FAO20,Tiofelus Hinamunhu_20_1,15000,,Yes,0,Summer,14900,2018,AFTER
Carolina Castro,FAO20,Tiofelus Hinamunhu_20_1,18000,,Yes,0,Summer,17900,2018,AFTER
Carolina Castro,FAO20,Tiofelus Hinamunhu_20_1,18500,,Yes,3,Summer,18400,2018,AFTER
Carolina Castro,FAO20,Tiofelus Hinamunhu_20_1,18000,,Yes,2,Summer,17900,2018,AFTER
Carolina Castro,FAO20,Tiofelus Hinamunhu_20_1,18000,,Yes,4,Summer,17900,2018,AFTER
Carolina Castro,FAO20,Tiofelus Hinamunhu_20_1,15000,,Yes,1,Summer,14900,2018,AFTER
Carolina Castro,FAO21,Joe Mulenga_21_1,18000,,Yes,1,Summer,17900,2018,AFTER
Carolina Castro,FAO21,Joe Mulenga_21_1,18000,,Yes,4,Summer,17900,2018,AFTER
Carolina Castro,FAO21,Joe Mulenga_21_1,18000,,Yes,0,Summer,17900,2018,AFTER
Carolina Castro,FAO21,Joe Mulenga_21_1,16000,,Yes,0,Summer,15900,2018,AFTER
Carolina Castro,FAO21,Joe Mulenga_21_1,10000,,Yes,1,Summer,9900,2018,AFTER
Blomeha,FAO22,B. A Shilongo_22_1,15300,,Yes,1,Summer,15125,2018,AFTER
Blomeha,FAO22,B. A Shilongo_22_1,15300,,Yes,0,Summer,15181,2018,AFTER
Blomeha,FAO22,B. A Shilongo_22_1,15300,,Yes,2,Summer,15109,2018,AFTER
Blomeha,FAO22,B. A Shilongo_22_1,15300,,Yes,0,Summer,15159,2018,AFTER
Blomeha,FAO22,B. A Shilongo_22_1,15300,,Yes,1,Summer,15169,2018,AFTER
Blomeha,FAO22,B. A Shilongo_22_1,12725,,Yes,0,Summer,12724,2018,AFTER
Boston Wayfarer,FAO23,Robert Liyeke_23_1,17640,,Yes,0,Summer,14240,2018,AFTER
Boston Wayfarer,FAO23,Robert Liyeke_23_1,17640,,Yes,0,Summer,13740,2018,AFTER
Boston Wayfarer,FAO23,Robert Liyeke_23_1,17640,,Yes,0,Summer,14140,2018,AFTER
Boston Wayfarer,FAO23,Robert Liyeke_23_1,17640,,Yes,0,Summer,14430,2018,AFTER
Boston Wayfarer,FAO23,Robert Liyeke_23_1,17640,,Yes,0,Summer,14240,2018,AFTER
Joao N Castro,FAO24,Josef I Abambi_24_1,21600,,Yes,2,Summer,21470,2018,AFTER
Joao N Castro,FAO24,Josef I Abambi_24_1,19800,,Yes,0,Summer,19680,2018,AFTER
Joao N Castro,FAO24,Josef I Abambi_24_1,21600,,Yes,0,Summer,21450,2018,AFTER
Joao N Castro,FAO24,Josef I Abambi_24_1,23400,,Yes,0,Summer,23220,2018,AFTER
Joao N Castro,FAO24,Josef I Abambi_24_1,22950,,Yes,0,Summer,22840,2018,AFTER
Joao N Castro,FAO24,Josef I Abambi_24_1,24300,,Yes,0,Summer,24200,2018,AFTER
Joao N Castro,FAO24,Josef I Abambi_24_1,24840,,Yes,0,Summer,24680,2018,AFTER
Joao N Castro,FAO26,Nekomba Sakaria_26_1,25600,,Yes,0,Summer,24100,2018,AFTER
Joao N Castro,FAO26,Nekomba Sakaria_26_1,24300,,Yes,0,Summer,21300,2018,AFTER
Joao N Castro,FAO26,Nekomba Sakaria_26_1,24300,,Yes,0,Summer,22600,2018,AFTER
Joao N Castro,FAO26,Nekomba Sakaria_26_1,24200,,Yes,0,Summer,22600,2018,AFTER
Joao N Castro,FAO26,Nekomba Sakaria_26_1,24200,,Yes,0,Summer,24199,2018,AFTER
Joao N Castro,FAO26,Nekomba Sakaria_26_1,12150,,Yes,0,Summer,11200,2018,AFTER
Joao N Castro,FAO26,Nekomba Sakaria_26_1,12100,,Yes,0,Summer,11050,2018,AFTER
Joao N Castro,FAO26,Nekomba Sakaria_26_1,19400,,Yes,0,Summer,18200,2018,AFTER
Carolina Castro,FAO27,I M Johaness_27_1,16440,,Yes,0,Summer,16000,2018,AFTER
Carolina Castro,FAO27,I M Johaness_27_1,16490,,Yes,0,Summer,16000,2018,AFTER
Carolina Castro,FAO27,I M Johaness_27_1,16490,,Yes,0,Summer,16000,2018,AFTER
Carolina Castro,FAO27,I M Johaness_27_1,18000,,Yes,0,Summer,17000,2018,AFTER
Carolina Castro,FAO27,I M Johaness_27_1,18000,,Yes,0,Summer,17000,2018,AFTER
Carolina Castro,FAO27,I M Johaness_27_1,11000,,Yes,0,Summer,10000,2018,AFTER
Joao N Castro,FAO29,K Antonio _29_1,25200,,Yes,0,Summer,25020,2018,AFTER
Joao N Castro,FAO29,K Antonio _29_1,24300,,Yes,0,Summer,24120,2018,AFTER
Joao N Castro,FAO29,K Antonio _29_1,24120,,Yes,0,Summer,24018,2018,AFTER
Joao N Castro,FAO29,K Antonio _29_1,22500,,Yes,0,Summer,22300,2018,AFTER
Joao N Castro,FAO29,K Antonio _29_1,24500,,Yes,0,Summer,24180,2018,AFTER
Joao N Castro,FAO29,K Antonio _29_1,23850,,Yes,0,Summer,23730,2018,AFTER
Joao N Castro,FAO29,K Antonio _29_1,6930,,Yes,0,Summer,6870,2018,AFTER
Carolina Castro,FAO30,Nekomba Sakaria_30_1,18000,,Yes,0,Winter,17800,2018,AFTER
Carolina Castro,FAO30,Nekomba Sakaria_30_1,18000,,Yes,0,Winter,17800,2018,AFTER
Carolina Castro,FAO30,Nekomba Sakaria_30_1,18000,,Yes,0,Winter,17800,2018,AFTER
Carolina Castro,FAO30,Nekomba Sakaria_30_1,18000,,Yes,1,Winter,17800,2018,AFTER
Carolina Castro,FAO30,Nekomba Sakaria_30_1,18900,,Yes,0,Winter,18700,2018,AFTER
Joao N Castro,FAO31,Handobe D_31_1,24150,,Yes,0,Summer,2400,2018,AFTER
Joao N Castro,FAO31,Handobe D_31_2,25200,,Yes,0,Summer,25100,2018,AFTER
Joao N Castro,FAO31,Handobe D_31_3,24930,,Yes,0,Winter,24830,2018,AFTER
Joao N Castro,FAO31,Handobe D_31_4,25560,,Yes,2,Winter,25470,2018,AFTER
Joao N Castro,FAO31,Handobe D_31_5,25650,,Yes,1,Winter,25540,2018,AFTER
Joao N Castro,FAO31,Handobe D_31_6,23400,,Yes,1,Winter,23320,2018,AFTER
Joao N Castro,FAO31,Handobe D_31_7,23400,,Yes,0,Winter,23280,2018,AFTER
Joao N Castro,FAO31,Handobe D_31_8,20250,,Yes,1,Winter,20140,2018,AFTER
Meka Bay,FAO18,Johannes Sacheus _18_1,23850,,Yes,0,Winter,23700,2018,AFTER
Meka Bay,FAO18,Johannes Sacheus _18_2,21420,,Yes,0,Winter,21400,2018,AFTER
Meka Bay,FAO18,Johannes Sacheus _18_3,23850,,Yes,0,Winter,23750,2018,AFTER
Meka Bay,FAO18,Johannes Sacheus _18_4,23850,,Yes,0,Winter,23750,2018,AFTER
Meka Bay,FAO18,Johannes Sacheus _18_5,24390,,Yes,0,Winter,24300,2018,AFTER
Liper,FAO32,Faustinus Mutangara _32_1,10406,,Yes,0,Summer,7829,2018,AFTER
Liper,FAO32,Faustinus Mutangara _32_2,10406,,Yes,0,Summer,6390,2018,AFTER
Liper,FAO32,Faustinus Mutangara _32_1,10406,,Yes,0,Summer,7631,2018,AFTER
Liper,FAO32,Faustinus Mutangara _32_2,10406,,Yes,0,Summer,6853,2018,AFTER
Liper,FAO32,Faustinus Mutangara _32_1,10406,,Yes,0,Summer,6847,2018,AFTER
Liper,FAO32,Faustinus Mutangara _32_2,10406,,Yes,0,Summer,6381,2018,AFTER
Liper,FAO32,Faustinus Mutangara _32_1,10406,,Yes,0,Summer,5183,2018,AFTER
Liper,FAO32,Faustinus Mutangara _32_2,10406,,Yes,0,Summer,5390,2018,AFTER
Liper,FAO32,Faustinus Mutangara _32_1,10406,,Yes,0,Summer,7148,2018,AFTER
Liper,FAO32,Faustinus Mutangara _32_2,10406,,Yes,0,Summer,7529,2018,AFTER
Liper,FAO32,Faustinus Mutangara _32_1,10406,,Yes,0,Summer,6398,2018,AFTER
Liper,FAO32,Faustinus Mutangara _32_2,10406,,Yes,1,Summer,6653,2018,AFTER
Blomeha,FAO33,Faustinus Mutangara _33_,15300,,Yes,0,Summer,15195,2018,AFTER
Blomeha,FAO33,Faustinus Mutangara _33_,15302,,Yes,0,Summer,15159,2018,AFTER
Blomeha,FAO33,Faustinus Mutangara _33_,15750,,Yes,0,Summer,15608,2018,AFTER
Blomeha,FAO33,Faustinus Mutangara _33_,14850,,Yes,0,Summer,14705,2018,AFTER
Carolina Castro,FAO34,Bathromeus L_34_,16200,,No,0,Summer,12000,2018,AFTER
Carolina Castro,FAO34,Bathromeus L_34_,16200,,No,0,Summer,12400,2018,AFTER
Carolina Castro,FAO34,Bathromeus L_34_,16200,,No,0,Summer,10000,2018,AFTER
Carolina Castro,FAO34,Bathromeus L_34_,16200,,No,0,Summer,11000,2018,AFTER
Carolina Castro,FAO34,Bathromeus L_34_,16200,,No,0,Summer,14000,2018,AFTER
Carolina Castro,FAO34,Bathromeus L_34_,9900,,No,0,Summer,9500,2018,AFTER
Carolina Castro,FAO35,Onesmus I Iipinge_35_1,18000,,Yes,0,Winter,17800,2018,AFTER
Carolina Castro,FAO35,Onesmus I Iipinge_35_1,18000,,Yes,0,Winter,17800,2018,AFTER
Carolina Castro,FAO35,Onesmus I Iipinge_35_1,18000,,Yes,0,Winter,17800,2018,AFTER
Carolina Castro,FAO35,Onesmus I Iipinge_35_1,18000,,Yes,0,Winter,17800,2018,AFTER
Carolina Castro,FAO35,Onesmus I Iipinge_35_1,15700,,Yes,0,Winter,15500,2018,AFTER
Lunan Bay,FAO36,I M Johaness_36_1,15470,,Yes,0,Winter,14000,2018,AFTER
Lunan Bay,FAO36,I M Johaness_36_1,16354,,Yes,0,Winter,15200,2018,AFTER
Lunan Bay,FAO36,I M Johaness_36_1,18001,,Yes,3,Winter,17600,2018,AFTER
Lunan Bay,FAO36,I M Johaness_36_1,7182,,Yes,1,Winter,7000,2018,AFTER
Joao N Castro,FAO37,J Shinyema _37_1,25510,,Yes,0,Winter,25410,2018,AFTER
Joao N Castro,FAO37,J Shinyema _37_1,25650,,Yes,0,Winter,25550,2018,AFTER
Joao N Castro,FAO37,J Shinyema _37_1,24975,,Yes,0,Winter,24825,2018,AFTER
Joao N Castro,FAO37,J Shinyema _37_1,25785,,Yes,0,Winter,25685,2018,AFTER
Joao N Castro,FAO37,J Shinyema _37_1,25650,,Yes,0,Winter,25540,2018,AFTER
Joao N Castro,FAO37,J Shinyema _37_1,24300,,Yes,0,Winter,24200,2018,AFTER
Joao N Castro,FAO37,J Shinyema _37_1,26460,,Yes,0,Winter,26360,2018,AFTER
Joao N Castro,FAO38,Johannes Sacheus _38_1,24930,,Yes,0,Winter,24820,2018,AFTER
Joao N Castro,FAO38,Johannes Sacheus _38_1,9000,,Yes,0,Winter,8934,2018,AFTER
Joao N Castro,FAO38,Johannes Sacheus _38_2,9900,,Yes,0,Winter,9800,2018,AFTER
Joao N Castro,FAO38,Johannes Sacheus _38_1,25200,,Yes,0,Winter,25150,2018,AFTER
Joao N Castro,FAO38,Johannes Sacheus _38_1,22950,,Yes,0,Winter,22830,2018,AFTER
Joao N Castro,FAO38,Johannes Sacheus _38_1,9000,,Yes,0,Winter,8950,2018,AFTER
Joao N Castro,FAO38,Johannes Sacheus _38_2,9000,,Yes,0,Winter,8900,2018,AFTER
Joao N Castro,FAO38,Johannes Sacheus _38_1,11700,,Yes,0,Winter,11638,2018,AFTER
Joao N Castro,FAO38,Johannes Sacheus _38_2,7200,,Yes,0,Winter,7150,2018,AFTER
Joao N Castro,FAO38,Johannes Sacheus _38_1,25020,,Yes,0,Winter,24890,2018,AFTER
Joao N Castro,FAO38,Johannes Sacheus _38_1,18000,,Yes,0,Winter,17940,2018,AFTER
Joao N Castro,FAO39,I Kandjengo_39_1,25920,,Yes,0,Summer,25750,2018,AFTER
Joao N Castro,FAO39,I Kandjengo_39_1,24750,,Yes,0,Summer,24650,2018,AFTER
Joao N Castro,FAO39,I Kandjengo_39_1,24300,,Yes,0,Summer,24200,2018,AFTER
Joao N Castro,FAO39,I Kandjengo_39_1,23850,,Yes,0,Summer,23730,2018,AFTER
Joao N Castro,FAO39,I Kandjengo_39_1,25200,,Yes,0,Summer,25000,2018,AFTER
Joao N Castro,FAO39,I Kandjengo_39_1,20250,,Yes,0,Summer,20205,2018,AFTER
Carolina Castro,FAO40,Samiel Howaseb _40_1,18000,,Yes,0,Summer,17000,2018,AFTER
Carolina Castro,FAO40,Samiel Howaseb _40_1,18200,,Yes,17,Summer,17000,2018,AFTER
Carolina Castro,FAO40,Samiel Howaseb _40_1,18200,,Yes,0,Summer,16500,2018,AFTER
Carolina Castro,FAO40,Samiel Howaseb _40_1,18000,,Yes,0,Summer,16500,2018,AFTER
Carolina Castro,FAO40,Samiel Howaseb _40_1,18000,,Yes,0,Winter,16400,2018,AFTER
Carolina Castro,FAO40,Samiel Howaseb _40_1,10000,,Yes,0,Winter,9000,2018,AFTER
Carolina Castro,FAO41,Shaalukeni Joseph_41_1,18000,,Yes,0,Winter,17000,2018,AFTER
Carolina Castro,FAO41,Shaalukeni Joseph_41_1,18000,,Yes,0,Winter,17000,2018,AFTER
Carolina Castro,FAO41,Shaalukeni Joseph_41_1,17000,,Yes,1,Winter,16000,2018,AFTER
Carolina Castro,FAO41,Shaalukeni Joseph_41_1,18000,,Yes,0,Winter,17000,2018,AFTER
Carolina Castro,FAO41,Shaalukeni Joseph_41_1,18000,,Yes,0,Winter,17000,2018,AFTER
Liper,FAO42,Joel Mupota_42_1,10406,,Yes,1,Winter,6073,2018,AFTER
Liper,FAO42,Joel Mupota_42_2,10406,,Yes,0,Winter,6251,2018,AFTER
Liper,FAO42,Joel Mupota_42_1,10406,,Yes,0,Winter,5938,2018,AFTER
Liper,FAO42,Joel Mupota_42_2,10406,,Yes,0,Winter,6015,2018,AFTER
Liper,FAO42,Joel Mupota_42_1,10406,,Yes,0,Winter,6318,2018,AFTER
Liper,FAO42,Joel Mupota_42_2,10406,,Yes,0,Winter,6093,2018,AFTER
Liper,FAO42,Joel Mupota_42_1,10406,,Yes,0,Winter,7831,2018,AFTER
Liper,FAO42,Joel Mupota_42_2,10406,,Yes,0,Winter,7538,2018,AFTER
Liper,FAO42,Joel Mupota_42_1,10406,,Yes,0,Winter,6952,2018,AFTER
Liper,FAO42,Joel Mupota_42_2,10406,,Yes,0,Winter,7038,2018,AFTER
Liper,FAO42,Joel Mupota_42_1,10406,,Yes,0,Winter,7948,2018,AFTER
Liper,FAO42,Joel Mupota_42_2,10406,,Yes,0,Winter,6372,2018,AFTER
Liper,FAO42,Joel Mupota_42_1,10406,,Yes,0,Winter,5137,2018,AFTER
Blomeha,FAO43,S Shilongo_43_1,15750,,Yes,0,Winter,15609,2018,AFTER
Blomeha,FAO43,S Shilongo_43_1,15750,,Yes,0,Winter,15615,2018,AFTER
Blomeha,FAO43,S Shilongo_43_1,15750,,Yes,0,Winter,15595,2018,AFTER
Blomeha,FAO43,S Shilongo_43_1,15480,,Yes,0,Winter,15300,2018,AFTER
Blomeha,FAO43,S Shilongo_43_1,9000,,Yes,0,Winter,8880,2018,AFTER
Carolina Castro,FAO44,Sylvester Nekonola_44_,16000,,Yes,8,Winter,15000,2018,AFTER
Carolina Castro,FAO44,Sylvester Nekonola_44_,18000,,Yes,4,Winter,17000,2018,AFTER
Carolina Castro,FAO46,George Haufiku_46_1,18000,,No,0,Winter,17000,2018,AFTER
Carolina Castro,FAO46,George Haufiku_46_1,18000,,No,0,Winter,17000,2018,AFTER
Carolina Castro,FAO46,George Haufiku_46_1,18000,,No,0,Winter,17000,2018,AFTER
Carolina Castro,FAO46,George Haufiku_46_1,18000,,No,0,Winter,17000,2018,AFTER
Carolina Castro,FAO46,George Haufiku_46_1,16000,,No,0,Winter,15000,2018,AFTER
Blomeha,FAO48,Mushabangu T B_48_1,15480,,Yes,0,Winter,15310,2018,AFTER
Blomeha,FAO48,Mushabangu T B_48_1,15480,,Yes,0,Winter,15315,2018,AFTER
Blomeha,FAO48,Mushabangu T B_48_1,15485,,Yes,0,Winter,15309,2018,AFTER
Blomeha,FAO48,Mushabangu T B_48_1,15750,,Yes,0,Winter,15595,2018,AFTER
Meka Bay,FAO48,Nicky Kwedhi_48_1,22500,,No,0,Winter,22400,2018,AFTER
Meka Bay,FAO48,Nicky Kwedhi_48_1,23850,,No,2,Winter,23700,2018,AFTER
Meka Bay,FAO48,Nicky Kwedhi_48_1,23400,,No,1,Winter,23300,2018,AFTER
Meka Bay,FAO48,Nicky Kwedhi_48_1,23480,,No,0,Winter,23400,2018,AFTER
Meka Bay,FAO48,Nicky Kwedhi_48_1,23670,,No,0,Winter,23600,2018,AFTER
Meka Bay,FAO48,Nicky Kwedhi_48_1,18800,,No,0,Winter,18000,2018,AFTER
Lunan Bay,FAO50,Augustus Immanuel_50_1,13846,,Yes,0,Winter,12000,2018,AFTER
Lunan Bay,FAO50,Augustus Immanuel_50_1,11472,,Yes,0,Winter,10200,2018,AFTER
Lunan Bay,FAO50,Augustus Immanuel_50_1,16581,,Yes,0,Winter,15000,2018,AFTER
Lunan Bay,FAO50,Augustus Immanuel_50_1,16581,,Yes,0,Winter,16000,2018,AFTER
Lunan Bay,FAO50,Augustus Immanuel_50_1,19152,,Yes,0,Winter,18000,2018,AFTER
Meka Bay,FAO51,F Petersen_51_1,23850,,No,0,Winter,23700,2018,AFTER
Meka Bay,FAO51,F Petersen_51_1,23400,,Yes,0,Winter,23300,2018,AFTER
Meka Bay,FAO51,F Petersen_51_1,23850,,No,0,Winter,23750,2018,AFTER
Meka Bay,FAO51,F Petersen_51_1,23850,,No,0,Winter,23754,2018,AFTER
Meka Bay,FAO51,F Petersen_51_1,7650,,Yes,0,Winter,7600,2018,AFTER
Meka Bay,FAO51,F Petersen_51_1,15480,,Yes,0,Winter,15350,2018,AFTER
Meka Bay,FAO51,F Petersen_51_1,19800,,No,0,Winter,19700,2018,AFTER
Lunan Bay,FAO53,Bernito Van Wyk_53_1,16211,,Yes,2,Winter,15800,2018,AFTER
Lunan Bay,FAO53,Bernito Van Wyk_53_1,19453,,Yes,0,Winter,18000,2018,AFTER
Lunan Bay,FAO53,Bernito Van Wyk_53_1,17888,,Yes,2,Winter,16500,2018,AFTER
Lunan Bay,FAO53,Bernito Van Wyk_53_1,18897,,Yes,0,Winter,17900,2018,AFTER
Lunan Bay,FAO53,Bernito Van Wyk_53_1,17552,,Yes,0,Winter,16700,2018,AFTER
Blomeha,FAO54,Werner Haipinge_54_1,15300,,Yes,0,Summer,15195,2018,AFTER
Blomeha,FAO54,Werner Haipinge_54_1,15300,,Yes,0,Summer,15135,2018,AFTER
Blomeha,FAO54,Werner Haipinge_54_1,15300,,Yes,0,Summer,15144,2018,AFTER
Blomeha,FAO54,Werner Haipinge_54_1,14400,,Yes,0,Summer,14295,2018,AFTER
Liper,FAO55,K Antonio _55_1,10406,,Yes,0,Summer,7953,2018,AFTER
Liper,FAO55,K Antonio _55_1,10406,,Yes,0,Summer,8015,2018,AFTER
Liper,FAO55,K Antonio _55_1,10406,,Yes,0,Summer,8137,2018,AFTER
Liper,FAO55,K Antonio _55_1,10406,,Yes,0,Summer,8695,2018,AFTER
Liper,FAO55,K Antonio _55_1,10406,,Yes,0,Summer,6735,2018,AFTER
Carolina Castro,FAO56,Shaalukeni Joseph_56_1,20900,,Yes,0,Winter,19000,2018,AFTER
Carolina Castro,FAO56,Shaalukeni Joseph_56_1,20000,,Yes,0,Winter,18000,2018,AFTER
Carolina Castro,FAO56,Shaalukeni Joseph_56_1,20000,,Yes,0,Winter,17700,2018,AFTER
Carolina Castro,FAO56,Shaalukeni Joseph_56_1,19000,,Yes,0,Winter,17500,2018,AFTER
Carolina Castro,FAO56,Shaalukeni Joseph_56_1,19000,,Yes,0,Winter,17300,2018,AFTER
Carolina Castro,FAO56,Shaalukeni Joseph_56_1,17000,,Yes,0,Winter,15500,2018,AFTER
Joao N Castro,FAO58,Robert Hamukoto_58_1,25650,,Yes,0,Winter,25520,2018,AFTER
Joao N Castro,FAO58,Robert Hamukoto_58_1,24750,,Yes,0,Winter,24630,2018,AFTER
Joao N Castro,FAO58,Robert Hamukoto_58_1,24300,,Yes,0,Winter,24215,2018,AFTER
Joao N Castro,FAO58,Robert Hamukoto_58_1,24930,,Yes,0,Winter,24829,2018,AFTER
Joao N Castro,FAO58,Robert Hamukoto_58_1,22500,,Yes,0,Winter,22396,2018,AFTER
Joao N Castro,FAO58,Robert Hamukoto_58_1,25650,,Yes,0,Winter,25555,2018,AFTER
Joao N Castro,FAO58,Robert Hamukoto_58_1,25650,,Yes,0,Winter,25566,2018,AFTER
Carolina Castro,FAO59,Nicky Kwedhi_59_1,17100,,Yes,0,Winter,17000,2018,AFTER
Carolina Castro,FAO59,Nicky Kwedhi_59_1,18000,,Yes,0,Winter,17900,2018,AFTER
Carolina Castro,FAO59,Nicky Kwedhi_59_1,18000,,Yes,0,Winter,17900,2018,AFTER
Carolina Castro,FAO59,Nicky Kwedhi_59_1,18000,,Yes,0,Winter,17900,2018,AFTER
Blomeha,FAO60,Rodges Uries_60_1,15480,,Yes,0,Winter,15303,2018,AFTER
Blomeha,FAO60,Rodges Uries_60_1,14850,,Yes,0,Winter,14595,2018,AFTER
Blomeha,FAO60,Rodges Uries_60_1,15300,,Yes,0,Winter,15259,2018,AFTER
Blomeha,FAO60,Rodges Uries_60_1,9900,,Yes,0,Winter,9785,2018,AFTER
Lunan Bay,FAO61,D Shooya_61_1,19000,,Yes,0,Winter,18000,2018,AFTER
Lunan Bay,FAO61,D Shooya_61_1,19694,,Yes,0,Winter,18900,2018,AFTER
Lunan Bay,FAO61,D Shooya_61_1,17105,,Yes,0,Winter,16800,2018,AFTER
Lunan Bay,FAO61,D Shooya_61_1,17974,,Yes,0,Winter,16000,2018,AFTER
Lunan Bay,FAO61,D Shooya_61_1,19229,,Yes,0,Winter,18500,2018,AFTER
Lunan Bay,FAO61,D Shooya_61_1,10500,,Yes,0,Winter,9600,2018,AFTER
Carolina Castro,FAO62,E Ileka _62_1,16200,,Yes,0,Winter,16000,2018,AFTER
Carolina Castro,FAO62,E Ileka _62_1,18000,,Yes,0,Winter,17900,2018,AFTER
Carolina Castro,FAO62,E Ileka _62_1,18000,,Yes,0,Winter,17000,2018,AFTER
Carolina Castro,FAO62,E Ileka _62_1,18000,,Yes,0,Winter,17900,2018,AFTER
Joao N Castro,FAO63,Daniel /Howaseb_63_1,24750,,Yes,0,Winter,24645,2018,AFTER
Joao N Castro,FAO63,Daniel /Howaseb_63_1,24300,,Yes,0,Winter,2410,2018,AFTER
Joao N Castro,FAO63,Daniel /Howaseb_63_1,25200,,Yes,0,Winter,25080,2018,AFTER
Joao N Castro,FAO63,Daniel /Howaseb_63_1,23850,,Yes,0,Winter,23741,2018,AFTER
Joao N Castro,FAO63,Daniel /Howaseb_63_1,25650,,Yes,0,Winter,25560,2018,AFTER
Joao N Castro,FAO63,Daniel /Howaseb_63_1,24750,,Yes,0,Winter,24635,2018,AFTER
Joao N Castro,FAO63,Daniel /Howaseb_63_1,24930,,Yes,0,Winter,24827,2018,AFTER
Joao N Castro,FAO63,Daniel /Howaseb_63_1,24750,,Yes,0,Winter,24450,2018,AFTER
Meka Bay,FAO66,Blasius Shilongo_66_1,19800,,Yes,0,Winter,19700,2018,AFTER
Meka Bay,FAO66,Blasius Shilongo_66_1,20700,,Yes,0,Winter,20000,2018,AFTER
Meka Bay,FAO66,Blasius Shilongo_66_1,23850,,Yes,0,Winter,23750,2018,AFTER
Meka Bay,FAO66,Blasius Shilongo_66_1,23850,,Yes,1,Winter,23700,2018,AFTER
Meka Bay,FAO66,Blasius Shilongo_66_1,16110,,Yes,2,Winter,16005,2018,AFTER
Meka Bay,FAO66,Blasius Shilongo_66_1,9180,,Yes,0,Winter,9009,2018,AFTER
Meka Bay,FAO66,Blasius Shilongo_66_2,18900,,Yes,3,Winter,18800,2018,AFTER
Blomeha,FAO67,Daniel /Howaseb_67_1,14850,,Yes,0,Winter,14705,2018,AFTER
Blomeha,FAO67,Daniel /Howaseb_67_1,14940,,Yes,0,Winter,14695,2018,AFTER
Blomeha,FAO67,Daniel /Howaseb_67_1,15030,,Yes,0,Winter,14895,2018,AFTER
Blomeha,FAO67,Daniel /Howaseb_67_1,16200,,Yes,0,Winter,15005,2018,AFTER
Blomeha,FAO67,Daniel /Howaseb_67_1,16200,,Yes,0,Winter,16009,2018,AFTER
Blomeha,FAO67,Daniel /Howaseb_67_1,5040,,Yes,0,Winter,4985,2018,AFTER
West Coast,FAO68,Nekomba Sakaria_68_1,180000,,Yes,0,Winter,70600,2018,AFTER
West Coast,FAO68,Nekomba Sakaria_68_1,180000,,Yes,0,Winter,70000,2018,AFTER
West Coast,FAO68,Nekomba Sakaria_68_1,180000,,Yes,0,Winter,70300,2018,AFTER
West Coast,FAO68,Nekomba Sakaria_68_1,18000,,Yes,0,Winter,17000,2018,AFTER
West Coast,FAO68,Nekomba Sakaria_68_1,18000,,Yes,0,Winter,17600,2018,AFTER
West Coast,FAO68,Nekomba Sakaria_68_1,18000,,Yes,0,Winter,17000,2018,AFTER
Blomeha,FAO69,Onesmus I Iipinge_69_1,15930,,Yes,0,Winter,15715,2018,AFTER
Blomeha,FAO69,Onesmus I Iipinge_69_1,15930,,Yes,0,Winter,15698,2018,AFTER
Blomeha,FAO69,Onesmus I Iipinge_69_1,15840,,Yes,0,Winter,15629,2018,AFTER
Blomeha,FAO69,Onesmus I Iipinge_69_1,15840,,Yes,0,Winter,15629,2018,AFTER
Blomeha,FAO69,Onesmus I Iipinge_69_1,15930,,Yes,0,Winter,15805,2018,AFTER
Blomeha,FAO69,Onesmus I Iipinge_69_1,15750,,Yes,0,Winter,15545,2018,AFTER
Blomeha,FAO69,Onesmus I Iipinge_69_1,12960,,Yes,0,Winter,12695,2018,AFTER
Meka Bay,FAO70,Kennedy Antonio_70_1,21807,,Yes,0,Winter,21001,2018,AFTER
Meka Bay,FAO70,Kennedy Antonio_70_1,20824,,Yes,0,Winter,20101,2018,AFTER
Meka Bay,FAO70,Kennedy Antonio_70_1,21807,,Yes,0,Winter,21200,2018,AFTER
Meka Bay,FAO70,Kennedy Antonio_70_1,21807,,Yes,0,Winter,21700,2018,AFTER
Meka Bay,FAO70,Kennedy Antonio_70_1,21800,,Yes,0,Winter,21170,2018,AFTER
Meka Bay,FAO70,Kennedy Antonio_70_1,17637,,Yes,0,Winter,14133,2018,AFTER
CNAO1,CNAO1,CNAO1_1,,12150,No,0,Summer,25000,2017,AFTER
CNAO1,CNAO1,CNAO1_2,,14200,Yes,0,Summer,26000,2017,AFTER
CNAO1,CNAO1,CNAO1_3,,6100,Yes,0,Summer,10400,2017,AFTER
CNAO1,CNAO1,CNAO1_4,,4541,Yes,0,Summer,6681,2017,AFTER
CNAO2,CNAO2,CNAO2_1,,14300,No,0,Summer,23298,2017,AFTER
CNAO2,CNAO2,CNAO2_2,,12800,Yes,0,Summer,23900,2017,AFTER
CNAO2,CNAO2,CNAO2_3,,8200,Yes,0,Summer,15200,2017,AFTER
CNAO2,CNAO2,CNAO2_4,,13250,Yes,0,Summer,23800,2017,AFTER
CNAO2,CNAO2,CNAO2_5,,7100,Yes,0,Summer,11900,2017,AFTER
CNAO3,CNAO3,CNAO3_1,,5920,Yes,0,Summer,7100,2017,AFTER
CNAO3,CNAO3,CNAO3_2,,9620,Yes,0,Summer,17900,2017,AFTER
CNAO3,CNAO3,CNAO3_3,,10101,Yes,0,Summer,16100,2017,AFTER
CNAO3,CNAO3,CNAO3_4,,10212,Yes,0,Summer,17900,2017,AFTER
CNAO4,CNAO4,CNAO4_1,,12101,Yes,0,Winter,21000,2017,AFTER
CNAO4,CNAO4,CNAO4_2,,10900,Yes,1,Winter,21000,2017,AFTER
CNAO4,CNAO4,CNAO4_3,,11200,Yes,0,Winter,21000,2017,AFTER
CNAO4,CNAO4,CNAO4_4,,12300,Yes,0,Winter,21000,2017,AFTER
CNAO4,CNAO4,CNAO4_5,,11400,Yes,0,Winter,21000,2017,AFTER
CNAO4,CNAO4,CNAO4_7,,9740,Yes,0,Winter,18488,2017,AFTER
CNAO5,CNAO5,CNAO5_1,,9100,Yes,0,Winter,16900,2017,AFTER
CNAO5,CNAO5,CNAO5_2,,10100,Yes,0,Winter,17900,2017,AFTER
CNAO5,CNAO5,CNAO5_3,,9810,Yes,0,Winter,17800,2017,AFTER
CNAO5,CNAO5,CNAO5_4,,10100,Yes,0,Winter,17900,2017,AFTER
CNAO5,CNAO5,CNAO5_5,,9200,Yes,0,Winter,17900,2017,AFTER
CNAO6,CNAO6,CNAO6_1,,1000,Yes,0,Winter,1500,2018,AFTER
CNAO6,CNAO6,CNAO6_2,,4000,Yes,0,Winter,7000,2018,AFTER
CNAO6,CNAO6,CNAO6_3,,9000,Yes,0,Winter,14000,2018,AFTER
CNAO6,CNAO6,CNAO6_4,,10100,Yes,0,Winter,14000,2018,AFTER
CNAO7,CNAO7,CNAO7_1,,11200,Yes,0,Winter,20000,2018,AFTER
CNAO7,CNAO7,CNAO7_2,,12300,Yes,1,Winter,20000,2018,AFTER
CNAO7,CNAO7,CNAO7_3,,9700,Yes,0,Winter,20000,2018,AFTER
CNAO7,CNAO7,CNAO7_4,,13600,Yes,0,Winter,20000,2018,AFTER
CNAO7,CNAO7,CNAO7_5,,10500,Yes,0,Winter,20000,2018,AFTER
CNAO7,CNAO7,CNAO7_6,,12700,Yes,0,Winter,20000,2018,AFTER
CNAO7,CNAO7,CNAO7_7,,11100,Yes,0,Winter,15052,2018,AFTER
IKAV08,IKAV08,IKAV08_1,,2800,Yes,0,Summer,14210,2018,AFTER
IKAV08,IKAV08,IKAV08_2,,7900,Yes,0,Summer,14640,2018,AFTER
IKAV08,IKAV08,IKAV08_3,,1620,Yes,0,Summer,11440,2018,AFTER
IKAV08,IKAV08,IKAV08_4,,1980,Yes,1,Summer,14440,2018,AFTER
IKAV08,IKAV08,IKAV08_5,,2700,Yes,0,Summer,14270,2018,AFTER
IKAV09,IKAV09,IKAV09_1,,7600,Yes,0,Summer,15125,2018,AFTER
IKAV09,IKAV09,IKAV09_2,,6000,Yes,0,Summer,15300,2018,AFTER
IKAV09,IKAV09,IKAV09_3,,9000,Yes,0,Summer,15175,2018,AFTER
IKAV09,IKAV09,IKAV09_4,,7600,Yes,0,Summer,15166,2018,AFTER
IKAV09,IKAV09,IKAV09_5,,7060,Yes,0,Summer,15199,2018,AFTER
IKAV09,IKAV09,IKAV09_6,,6060,Yes,0,Summer,15109,2018,AFTER
IKAV10,IKAV10,IKAV10_1,,7900,Yes,0,Summer,21800,2018,AFTER
IKAV10,IKAV10,IKAV10_2,,11000,Yes,0,Summer,21700,2018,AFTER
IKAV10,IKAV10,IKAV10_3,,9000,Yes,0,Summer,21700,2018,AFTER
IKAV10,IKAV10,IKAV10_4,,10800,Yes,0,Summer,21700,2018,AFTER
IKAV10,IKAV10,IKAV10_5,,12400,Yes,0,Summer,26200,2018,AFTER
IKAV11,IKAV11,IKAV11_1,,5700,Yes,0,Summer,10600,2018,AFTER
IKAV11,IKAV11,IKAV11_2,,6600,Yes,0,Summer,16650,2018,AFTER
IKAV11,IKAV11,IKAV11_3,,6600,Yes,0,Summer,16650,2018,AFTER
IKAV12,IKAV12,IKAV12_1,,5400,Yes,0,Winter,5793,2018,AFTER
IKAV12,IKAV12,IKAV12_2,,5700,Yes,0,Winter,6113,2018,AFTER
IKAV12,IKAV12,IKAV12_3,,4800,Yes,0,Winter,5924,2018,AFTER
IKAV12,IKAV12,IKAV12_4,,5100,Yes,1,Winter,7158,2018,AFTER
IKAV12,IKAV12,IKAV12_5,,5560,Yes,0,Winter,8135,2018,AFTER
IKAV13,IKAV13,IKAV13_1,,5400,Yes,0,Winter,11080,2018,AFTER
IKAV13,IKAV13,IKAV13_2,,3600,Yes,0,Winter,6680,2018,AFTER
IKAV13,IKAV13,IKAV13_3,,3600,Yes,0,Winter,5930,2018,AFTER
IKAV13,IKAV13,IKAV13_4,,3900,Yes,0,Winter,5730,2018,AFTER
IKAV13,IKAV13,IKAV13_5,,4200,Yes,0,Winter,5940,2018,AFTER
IKAV13,IKAV13,IKAV13_6,,3600,Yes,0,Winter,4080,2018,AFTER
IKAV14,IKAV14,IKAV14_1,,5400,Yes,0,Winter,13500,2019,AFTER
IKAV14,IKAV14,IKAV14_2,,5700,Yes,0,Winter,13600,2019,AFTER
IKAV14,IKAV14,IKAV14_3,,5700,Yes,0,Winter,13500,2019,AFTER
IKAV14,IKAV14,IKAV14_4,,5700,Yes,0,Winter,13700,2019,AFTER
IKAV14,IKAV14,IKAV14_5,,6300,Yes,0,Winter,12700,2019,AFTER
IKAV14,IKAV14,IKAV14_6,,6000,Yes,0,Winter,12500,2019,AFTER
IKAV14,IKAV14,IKAV14_7,,3300,Yes,0,Winter,5600,2019,AFTER
IKAV15,IKAV15,IKAV15_1,,7200,Yes,0,Winter,15595,2019,AFTER
IKAV15,IKAV15,IKAV15_1,,4200,Yes,0,Winter,8009,2019,AFTER
IKAV15,IKAV15,IKAV15_1,,3900,Yes,0,Winter,7745,2019,AFTER
IKAV15,IKAV15,IKAV15_1,,7800,Yes,0,Winter,16009,2019,AFTER
IKAV15,IKAV15,IKAV15_1,,7200,Yes,0,Winter,15104,2019,AFTER
IKAV15,IKAV15,IKAV15_1,,6900,Yes,0,Winter,13409,2019,AFTER
IKAV16,IKAV16,IKAV16_1,,10200,Yes,0,Winter,22300,2019,AFTER
IKAV16,IKAV16,IKAV16_1,,11400,Yes,0,Winter,22420,2019,AFTER
IKAV16,IKAV16,IKAV16_1,,9300,Yes,0,Winter,22260,2019,AFTER
IKAV16,IKAV16,IKAV16_1,,10200,Yes,0,Winter,22480,2017,AFTER
IKAV16,IKAV16,IKAV16_1,,11400,Yes,0,Winter,22300,2019,AFTER
IKAV16,IKAV16,IKAV16_1,,9800,Yes,0,Winter,22400,2019,AFTER
IKAV17,IKAV17,IKAV17_1,,6853,Yes,0,Winter,7500,2019,AFTER
IKAV17,IKAV17,IKAV17_1,,7200,Yes,0,Winter,8462,2019,AFTER
IKAV17,IKAV17,IKAV17_1,,6958,Yes,0,Winter,7200,2019,AFTER
IKAV17,IKAV17,IKAV17_1,,12000,Yes,0,Winter,15364,2019,AFTER
IKAV17,IKAV17,IKAV17_1,,11400,Yes,0,Winter,15364,2019,AFTER
IKAV17,IKAV17,IKAV17_1,,11400,Yes,0,Winter,15364,2019,AFTER
IKAV17,IKAV17,IKAV17_1,,11400,Yes,0,Winter,13800,2019,AFTER
IKAV17,IKAV17,IKAV17_1,,8135,Yes,0,Winter,13500,2019,AFTER
WestCoast II,PreREG1,WestCoast II1,,16210,No,36,Winter,,2009,BEFORE
WestCoast II,PreREG1,WestCoast II2,,15525,No,13,Winter,,2009,BEFORE
WestCoast II,PreREG1,WestCoast II3,,9315,No,25,Winter,,2009,BEFORE
WestCoast II,PreREG1,WestCoast II3,,15875,No,7,Winter,,2009,BEFORE
WestCoast II,PreREG1,WestCoast II4,,8280,No,6,Winter,,2009,BEFORE
WestCoast II,PreREG1,WestCoast II5,,16560,No,3,Winter,,2009,BEFORE
WestCoast II,PreREG1,WestCoast II5,,15300,No,1,Winter,,2009,BEFORE
WestCoast II,PreREG1,WestCoast II8,,22770,No,4,Winter,,2009,BEFORE
WestCoast II,PreREG1,WestCoast II9,,21309,No,4,Winter,,2009,BEFORE
WestCoast II,PreREG1,WestCoast II10,,25875,No,2,Winter,,2009,BEFORE
WestCoast II,PreREG2,WestCoast II1,,10800,No,0,Autumn,,2010,BEFORE
WestCoast II,PreREG2,WestCoast II1,,11880,No,0,Autumn,,2010,BEFORE
WestCoast II,PreREG2,WestCoast II2,,10800,No,0,Autumn,,2010,BEFORE
WestCoast II,PreREG2,WestCoast II2,,11880,No,0,Autumn,,2010,BEFORE
WestCoast II,PreREG2,WestCoast II3,,21600,No,0,Autumn,,2010,BEFORE
WestCoast II,PreREG2,WestCoast II4,,23760,No,3,Autumn,,2010,BEFORE
WestCoast II,PreREG2,WestCoast II5,,11880,No,0,Autumn,,2010,BEFORE
WestCoast II,PreREG2,WestCoast II5,,11880,No,0,Autumn,,2010,BEFORE
WestCoast II,PreREG2,WestCoast II6,,16200,No,0,Autumn,,2010,BEFORE
WestCoast II,PreREG3,WestCoast II1,,18683,No,0,Autumn,,2010,BEFORE
WestCoast II,PreREG3,WestCoast II2,,9584,No,0,Autumn,,2010,BEFORE
WestCoast II,PreREG3,WestCoast II2,,12132,No,36,Autumn,,2010,BEFORE
WestCoast II,PreREG3,WestCoast II3,,12132,No,72,Autumn,,2010,BEFORE
WestCoast II,PreREG3,WestCoast II3,,12739,No,2,Autumn,,2010,BEFORE
WestCoast II,PreREG3,WestCoast II4,,12739,No,0,Autumn,,2010,BEFORE
WestCoast II,PreREG3,WestCoast II4,,13345,No,39,Autumn,,2010,BEFORE
WestCoast II,PreREG3,WestCoast II5,,13345,No,33,Autumn,,2010,BEFORE
WestCoast II,PreREG3,WestCoast II6,,15826,No,17,Autumn,,2010,BEFORE
WestCoast II,PreREG3,WestCoast II7,,12739,No,29,Autumn,,2010,BEFORE
Joao N Castro,PreREG4,Joao N Castro2,,27792,No,0,Winter,,2010,BEFORE
Joao N Castro,PreREG4,Joao N Castro5,,20520,No,1,Winter,,2010,BEFORE
Joao N Castro,PreREG4,Joao N Castro5,,9576,No,0,Winter,,2010,BEFORE
Joao N Castro,PreREG4,Joao N Castro6,,16000,No,0,Winter,,2010,BEFORE
Joao N Castro,PreREG5,Joao N Castro1,,13680,No,1,Spring,,2010,BEFORE
Joao N Castro,PreREG5,Joao N Castro1,,13680,No,25,Spring,,2010,BEFORE
Joao N Castro,PreREG5,Joao N Castro2,,13680,No,15,Spring,,2010,BEFORE
Joao N Castro,PreREG5,Joao N Castro5,,17100,No,1,Spring,,2010,BEFORE
Joao N Castro,PreREG5,Joao N Castro7,,13680,No,0,Spring,,2010,BEFORE
Joao N Castro,PreREG5,Joao N Castro8,,10260,No,11,Spring,,2010,BEFORE
Liper,PreREG6,Liper1,,11070,No,11,Spring,,2010,BEFORE
Liper,PreREG6,Liper2,,11070,No,35,Spring,,2010,BEFORE
Liper,PreREG6,Liper7,,11070,No,7,Spring,,2010,BEFORE
Liper,PreREG6,Liper8,,11070,No,2,Spring,,2010,BEFORE
Joao N Castro,PreREG7,Joao N Castro1,,27360,No,0,Spring,,2010,BEFORE
Joao N Castro,PreREG7,Joao N Castro2,,9576,No,15,Spring,,2010,BEFORE
Joao N Castro,PreREG7,Joao N Castro2,,16416,No,6,Spring,,2010,BEFORE
Joao N Castro,PreREG7,Joao N Castro6,,10800,No,4,Spring,,2010,BEFORE
Joao N Castro,PreREG8,Joao N Castro3,,27360,No,2,Summer,,2011,BEFORE
Joao N Castro,PreREG8,Joao N Castro6,,13680,No,8,Summer,,2011,BEFORE
Joao N Castro,PreREG8,Joao N Castro7,,13680,No,0,Summer,,2011,BEFORE
Joao N Castro,PreREG8,Joao N Castro9,,9576,No,1,Summer,,2011,BEFORE
Boston Wayferer,PreREG9,Boston Wayferer1,,16650,No,0,Autumn,,2011,BEFORE
Boston Wayferer,PreREG9,Boston Wayferer2,,15390,No,0,Autumn,,2011,BEFORE
Boston Wayferer,PreREG9,Boston Wayferer3,,16380,No,0,Autumn,,2011,BEFORE
Blomeha,PreREG10,Blomeha1,,25200,No,3,Winter,,2011,BEFORE
Blomeha,PreREG10,Blomeha7,,12600,No,1,Winter,,2011,BEFORE
Joao N Castro,PreREG11,Joao N Castro1,,20000,No,0,Spring,,2011,BEFORE
Joao N Castro,PreREG11,Joao N Castro1,,20000,No,1,Spring,,2011,BEFORE
Joao N Castro,PreREG11,Joao N Castro3,,40000,No,5,Spring,,2011,BEFORE
Joao N Castro,PreREG12,Joao N Castro1,,14340,No,0,Winter,,2012,BEFORE
Joao N Castro,PreREG12,Joao N Castro2,,13839,No,0,Winter,,2012,BEFORE
Joao N Castro,PreREG12,Joao N Castro3,,9600,No,11,Winter,,2012,BEFORE
Joao N Castro,PreREG12,Joao N Castro4,,12550,No,0,Winter,,2012,BEFORE
Joao N Castro,PreREG13,Joao N Castro1,,9600,No,0,Winter,,2012,BEFORE
Joao N Castro,PreREG13,Joao N Castro2,,10800,No,1,Winter,,2012,BEFORE
Joao N Castro,PreREG13,Joao N Castro3,,10800,No,3,Winter,,2012,BEFORE
Joao N Castro,PreREG13,Joao N Castro4,,14400,No,37,Winter,,2012,BEFORE
Joao N Castro,PreREG13,Joao N Castro5,,12000,No,12,Winter,,2012,BEFORE
Joao N Castro,PreREG14,Joao N Castro2,,7950,No,19,Winter,,2012,BEFORE
Joao N Castro,PreREG14,Joao N Castro3,,13900,No,1,Winter,,2012,BEFORE
Joao N Castro,PreREG14,Joao N Castro4,,11540,No,0,Winter,,2012,BEFORE
Joao N Castro,PreREG14,Joao N Castro5,,1170,No,2,Winter,,2012,BEFORE
